PRAGMA foreign_keys=OFF;
BEGIN TRANSACTION;
CREATE TABLE pieces (
	id INTEGER NOT NULL, 
	title VARCHAR, 
	path VARCHAR, 
	PRIMARY KEY (id)
);
INSERT INTO pieces VALUES(1,'cmaj','./resources/midi/full/cmaj.mid');
INSERT INTO pieces VALUES(2,'Haydn_Hob._XVI34_1._Presto','./resources/midi/full/Haydn_Hob._XVI34_1._Presto.mid');
INSERT INTO pieces VALUES(3,'Haydn_Hob._XVI34_2.Adagio','./resources/midi/full/Haydn_Hob._XVI34_2.Adagio.mid');
INSERT INTO pieces VALUES(4,'Haydn_Hob._XVI34_3.Molto_Vivace','./resources/midi/full/Haydn_Hob._XVI34_3.Molto_Vivace.mid');
INSERT INTO pieces VALUES(5,'Ave Maria','./resources/midi/full/avemaria.mid');
INSERT INTO pieces VALUES(6,'Baroque and Blue','');
INSERT INTO pieces VALUES(7,'Gaetano Donizetti - O Luce Di Quest''anima (Linda''s Aria)','');
INSERT INTO pieces VALUES(8,'Rossini - La fioraia fiorentina','');
INSERT INTO pieces VALUES(9,'Rossini - La fioraia fiorentina (Rehearsal)','');
INSERT INTO pieces VALUES(10,'Rossini - La fioraia fiorentina (Tutorial)','');
CREATE TABLE subpieces (
	id INTEGER NOT NULL, 
	title VARCHAR, 
	path VARCHAR, 
	piece_id INTEGER, 
	etr FLOAT, 
	PRIMARY KEY (id), 
	FOREIGN KEY(piece_id) REFERENCES pieces (id)
);
INSERT INTO subpieces VALUES(1,'Haydn_Hob.XVI34_1-1','./resources/midi/subpieces/Haydn_Hob.XVI34_1-1.mid',2,0.0);
INSERT INTO subpieces VALUES(2,'Haydn_Hob.XVI34_1-2','./resources/midi/subpieces/Haydn_Hob.XVI34_1-2.mid',2,0.0);
INSERT INTO subpieces VALUES(3,'Haydn_Hob.XVI34_1-3','./resources/midi/subpieces/Haydn_Hob.XVI34_1-3.mid',2,0.0);
INSERT INTO subpieces VALUES(4,'Haydn_Hob.XVI34_1-4','./resources/midi/subpieces/Haydn_Hob.XVI34_1-4.mid',2,0.0);
INSERT INTO subpieces VALUES(5,'Haydn_Hob.XVI34_1-5','./resources/midi/subpieces/Haydn_Hob.XVI34_1-5.mid',2,0.0);
INSERT INTO subpieces VALUES(6,'Haydn_Hob.XVI34_1-6','./resources/midi/subpieces/Haydn_Hob.XVI34_1-6.mid',2,0.0);
INSERT INTO subpieces VALUES(7,'Haydn_Hob.XVI34_1-7','./resources/midi/subpieces/Haydn_Hob.XVI34_1-7.mid',2,0.0);
INSERT INTO subpieces VALUES(8,'Haydn_Hob.XVI34_1-8','./resources/midi/subpieces/Haydn_Hob.XVI34_1-8.mid',2,0.0);
INSERT INTO subpieces VALUES(9,'Haydn_Hob.XVI34_1-9','./resources/midi/subpieces/Haydn_Hob.XVI34_1-9.mid',2,0.0);
INSERT INTO subpieces VALUES(10,'Haydn_Hob.XVI34_1-10','./resources/midi/subpieces/Haydn_Hob.XVI34_1-10.mid',2,0.0);
INSERT INTO subpieces VALUES(11,'Haydn_Hob.XVI34_1-11','./resources/midi/subpieces/Haydn_Hob.XVI34_1-11.mid',2,0.0);
INSERT INTO subpieces VALUES(12,'Haydn_Hob.XVI34_1-12','./resources/midi/subpieces/Haydn_Hob.XVI34_1-12.mid',2,0.0);
INSERT INTO subpieces VALUES(13,'Haydn_Hob.XVI34_1-13','./resources/midi/subpieces/Haydn_Hob.XVI34_1-13.mid',2,0.0);
INSERT INTO subpieces VALUES(14,'Haydn_Hob.XVI34_1-14','./resources/midi/subpieces/Haydn_Hob.XVI34_1-14.mid',2,0.0);
INSERT INTO subpieces VALUES(15,'Haydn_Hob.XVI34_1-15','./resources/midi/subpieces/Haydn_Hob.XVI34_1-15.mid',2,0.0);
INSERT INTO subpieces VALUES(16,'Haydn_Hob.XVI34_1-16','./resources/midi/subpieces/Haydn_Hob.XVI34_1-16.mid',2,0.0);
INSERT INTO subpieces VALUES(17,'Haydn_Hob.XVI34_1-17','./resources/midi/subpieces/Haydn_Hob.XVI34_1-17.mid',2,0.0);
INSERT INTO subpieces VALUES(18,'Haydn_Hob.XVI34_1-18','./resources/midi/subpieces/Haydn_Hob.XVI34_1-18.mid',2,0.0);
INSERT INTO subpieces VALUES(19,'Haydn_Hob.XVI34_1-19','./resources/midi/subpieces/Haydn_Hob.XVI34_1-19.mid',2,0.0);
INSERT INTO subpieces VALUES(20,'Haydn_Hob.XVI34_2-1','./resources/midi/subpieces/Haydn_Hob.XVI34_2-1.mid',3,0.9000000000000000222);
INSERT INTO subpieces VALUES(21,'Haydn_Hob.XVI34_2-2','./resources/midi/subpieces/Haydn_Hob.XVI34_2-2.mid',3,0.0);
INSERT INTO subpieces VALUES(22,'Haydn_Hob.XVI34_2-3','./resources/midi/subpieces/Haydn_Hob.XVI34_2-3.mid',3,0.9000000000000000222);
INSERT INTO subpieces VALUES(23,'Haydn_Hob.XVI34_2-4','./resources/midi/subpieces/Haydn_Hob.XVI34_2-4.mid',3,0.0);
INSERT INTO subpieces VALUES(24,'Haydn_Hob.XVI34_2-5','./resources/midi/subpieces/Haydn_Hob.XVI34_2-5.mid',3,0.9000000000000000222);
INSERT INTO subpieces VALUES(25,'Haydn_Hob.XVI34_2-6','./resources/midi/subpieces/Haydn_Hob.XVI34_2-6.mid',3,0.0);
INSERT INTO subpieces VALUES(26,'Haydn_Hob.XVI34_2-7','./resources/midi/subpieces/Haydn_Hob.XVI34_2-7.mid',3,1.5);
INSERT INTO subpieces VALUES(27,'Haydn_Hob.XVI34_2-8','./resources/midi/subpieces/Haydn_Hob.XVI34_2-8.mid',3,0.0);
INSERT INTO subpieces VALUES(28,'Haydn_Hob.XVI34_2-9','./resources/midi/subpieces/Haydn_Hob.XVI34_2-9.mid',3,1.699999999999999956);
INSERT INTO subpieces VALUES(29,'Haydn_Hob.XVI34_2-10','./resources/midi/subpieces/Haydn_Hob.XVI34_2-10.mid',3,0.0);
INSERT INTO subpieces VALUES(30,'Haydn_Hob.XVI34_2-11','./resources/midi/subpieces/Haydn_Hob.XVI34_2-11.mid',3,0.0);
INSERT INTO subpieces VALUES(31,'Haydn_Hob.XVI34_2-12','./resources/midi/subpieces/Haydn_Hob.XVI34_2-12.mid',3,0.0);
INSERT INTO subpieces VALUES(32,'Haydn_Hob.XVI34_2-13','./resources/midi/subpieces/Haydn_Hob.XVI34_2-13.mid',3,0.0);
INSERT INTO subpieces VALUES(33,'Haydn_Hob.XVI34_2-14','./resources/midi/subpieces/Haydn_Hob.XVI34_2-14.mid',3,0.0);
INSERT INTO subpieces VALUES(34,'Haydn_Hob.XVI34_2-15','./resources/midi/subpieces/Haydn_Hob.XVI34_2-15.mid',3,0.0);
INSERT INTO subpieces VALUES(35,'Haydn_Hob.XVI34_3-1','./resources/midi/subpieces/Haydn_Hob.XVI34_3-1.mid',4,0.0);
INSERT INTO subpieces VALUES(36,'Haydn_Hob.XVI34_3-2','./resources/midi/subpieces/Haydn_Hob.XVI34_3-2.mid',4,1.100000000000000089);
INSERT INTO subpieces VALUES(37,'Haydn_Hob.XVI34_3-3','./resources/midi/subpieces/Haydn_Hob.XVI34_3-3.mid',4,0.0);
INSERT INTO subpieces VALUES(38,'Haydn_Hob.XVI34_3-4','./resources/midi/subpieces/Haydn_Hob.XVI34_3-4.mid',4,1.100000000000000089);
INSERT INTO subpieces VALUES(39,'Haydn_Hob.XVI34_3-5','./resources/midi/subpieces/Haydn_Hob.XVI34_3-5.mid',4,0.0);
INSERT INTO subpieces VALUES(40,'Haydn_Hob.XVI34_3-6','./resources/midi/subpieces/Haydn_Hob.XVI34_3-6.mid',4,1.399999999999999912);
INSERT INTO subpieces VALUES(41,'Haydn_Hob.XVI34_3-7','./resources/midi/subpieces/Haydn_Hob.XVI34_3-7.mid',4,0.0);
INSERT INTO subpieces VALUES(42,'Haydn_Hob.XVI34_3-8','./resources/midi/subpieces/Haydn_Hob.XVI34_3-8.mid',4,4.0);
INSERT INTO subpieces VALUES(43,'Haydn_Hob.XVI34_3-9','./resources/midi/subpieces/Haydn_Hob.XVI34_3-9.mid',4,0.0);
INSERT INTO subpieces VALUES(44,'Haydn_Hob.XVI34_3-10','./resources/midi/subpieces/Haydn_Hob.XVI34_3-10.mid',4,1.100000000000000089);
INSERT INTO subpieces VALUES(45,'Haydn_Hob.XVI34_3-11','./resources/midi/subpieces/Haydn_Hob.XVI34_3-11.mid',4,0.0);
INSERT INTO subpieces VALUES(46,'Haydn_Hob.XVI34_3-12','./resources/midi/subpieces/Haydn_Hob.XVI34_3-12.mid',4,1.100000000000000089);
INSERT INTO subpieces VALUES(47,'Haydn_Hob.XVI34_3-13','./resources/midi/subpieces/Haydn_Hob.XVI34_3-13.mid',4,0.0);
INSERT INTO subpieces VALUES(48,'Haydn_Hob.XVI34_3-14','./resources/midi/subpieces/Haydn_Hob.XVI34_3-14.mid',4,1.199999999999999956);
INSERT INTO subpieces VALUES(49,'Haydn_Hob.XVI34_3-15','./resources/midi/subpieces/Haydn_Hob.XVI34_3-15.mid',4,0.0);
INSERT INTO subpieces VALUES(50,'Haydn_Hob.XVI34_3-16','./resources/midi/subpieces/Haydn_Hob.XVI34_3-16.mid',4,1.100000000000000089);
INSERT INTO subpieces VALUES(51,'Haydn_Hob.XVI34_3-17','./resources/midi/subpieces/Haydn_Hob.XVI34_3-17.mid',4,0.0);
INSERT INTO subpieces VALUES(52,'Haydn_Hob.XVI34_3-18','./resources/midi/subpieces/Haydn_Hob.XVI34_3-18.mid',4,1.0);
INSERT INTO subpieces VALUES(53,'Haydn_Hob.XVI34_3-19','./resources/midi/subpieces/Haydn_Hob.XVI34_3-19.mid',4,0.0);
INSERT INTO subpieces VALUES(54,'Ave Maria 1','./resources/midi/subpieces/avemaria_1.mid',5,0.0);
INSERT INTO subpieces VALUES(55,'Ave Maria 2','./resources/midi/subpieces/avemaria_2.mid',5,0.0);
INSERT INTO subpieces VALUES(56,'baroque_and_blue_1','./resources/audio/Ref1.wav',6,0.0);
INSERT INTO subpieces VALUES(57,'baroque_and_blue_2','./resources/audio/Part1.wav',6,0.0);
INSERT INTO subpieces VALUES(58,'baroque_and_blue_3','./resources/audio/Ref2.wav',6,0.0);
INSERT INTO subpieces VALUES(59,'baroque_and_blue_4','./resources/audio/Part2.wav',6,0.0);
INSERT INTO subpieces VALUES(60,'baroque_and_blue_5','./resources/audio/Ref3.wav',6,0.0);
INSERT INTO subpieces VALUES(61,'baroque_and_blue_6','./resources/audio/Part3.wav',6,0.0);
INSERT INTO subpieces VALUES(62,'baroque_and_blue_7','./resources/audio/Ref4.wav',6,0.0);
INSERT INTO subpieces VALUES(63,'baroque_and_blue_8','./resources/audio/Part4.wav',6,0.0);
INSERT INTO subpieces VALUES(64,'Linda_1','./resources/midi/subpieces/linda_1.mid',7,0.0);
INSERT INTO subpieces VALUES(65,'Linda_2','./resources/audio/linda_2.wav',7,0.0);
INSERT INTO subpieces VALUES(66,'Linda_3','./resources/midi/subpieces/linda_3.mid',7,0.0);
INSERT INTO subpieces VALUES(67,'Linda_4','./resources/audio/linda_4.wav',7,0.0);
INSERT INTO subpieces VALUES(68,'Linda_5','./resources/midi/subpieces/linda_5.mid',7,0.0);
INSERT INTO subpieces VALUES(69,'Linda_6','./resources/audio/linda_6.wav',7,0.0);
INSERT INTO subpieces VALUES(70,'Linda_7','./resources/midi/subpieces/linda_7.mid',7,0.0);
INSERT INTO subpieces VALUES(71,'Linda_8','./resources/audio/linda_8.wav',7,0.0);
INSERT INTO subpieces VALUES(72,'Linda_9','./resources/midi/subpieces/linda_9.mid',7,0.0);
INSERT INTO subpieces VALUES(73,'Linda_10','./resources/audio/linda_10.wav',7,0.0);
INSERT INTO subpieces VALUES(74,'Linda_11','./resources/midi/subpieces/linda_11.mid',7,0.0);
INSERT INTO subpieces VALUES(75,'Linda_12','./resources/audio/linda_12.wav',7,0.0);
INSERT INTO subpieces VALUES(76,'Linda_13','./resources/midi/subpieces/linda_13.mid',7,0.0);
INSERT INTO subpieces VALUES(77,'Linda_14','./resources/audio/linda_14.wav',7,0.0);
INSERT INTO subpieces VALUES(78,'Linda_15','./resources/midi/subpieces/linda_15.mid',7,0.0);
INSERT INTO subpieces VALUES(79,'Linda_16','./resources/audio/linda_16.wav',7,0.0);
INSERT INTO subpieces VALUES(80,'Linda_17','./resources/midi/subpieces/linda_17.mid',7,0.0);
INSERT INTO subpieces VALUES(81,'Linda_18','./resources/audio/linda_18.wav',7,0.0);
INSERT INTO subpieces VALUES(82,'Linda_19','./resources/midi/subpieces/linda_19.mid',7,0.0);
INSERT INTO subpieces VALUES(83,'Linda_20','./resources/audio/linda_20.wav',7,0.0);
INSERT INTO subpieces VALUES(84,'Linda_21','./resources/midi/subpieces/linda_21.mid',7,0.0);
INSERT INTO subpieces VALUES(85,'Linda_22','./resources/audio/linda_22.wav',7,0.0);
INSERT INTO subpieces VALUES(86,'Linda_23','./resources/midi/subpieces/linda_23.mid',7,0.0);
INSERT INTO subpieces VALUES(87,'Linda_24','./resources/audio/linda_24.wav',7,0.0);
INSERT INTO subpieces VALUES(88,'Linda_25','./resources/midi/subpieces/linda_25.mid',7,0.0);
INSERT INTO subpieces VALUES(89,'Linda_26','./resources/audio/linda_26.wav',7,0.0);
INSERT INTO subpieces VALUES(90,'Linda_27','./resources/midi/subpieces/linda_27.mid',7,0.0);
INSERT INTO subpieces VALUES(91,'Linda_28','./resources/audio/linda_28.wav',7,0.0);
INSERT INTO subpieces VALUES(92,'Linda_29','./resources/midi/subpieces/linda_29.mid',7,0.0);
INSERT INTO subpieces VALUES(93,'Linda_30','./resources/audio/linda_30.wav',7,0.0);
INSERT INTO subpieces VALUES(94,'Linda_31','./resources/midi/subpieces/linda_31.mid',7,0.0);
INSERT INTO subpieces VALUES(95,'Linda_32','./resources/audio/linda_32.wav',7,0.0);
INSERT INTO subpieces VALUES(96,'Linda_33','./resources/midi/subpieces/linda_33.mid',7,0.0);
INSERT INTO subpieces VALUES(97,'La fioraia fiorentina - 1','./resources/midi/subpieces/La_fioraia_fiorentina_1.mid',8,0.0);
INSERT INTO subpieces VALUES(98,'La fioraia fiorentina - 2','./resources/audio/La_fioraia_fiorentina_2.wav',8,0.0);
INSERT INTO subpieces VALUES(99,'La fioraia fiorentina - 3','./resources/midi/subpieces/La_fioraia_fiorentina_3.mid',8,0.0);
INSERT INTO subpieces VALUES(100,'La fioraia fiorentina - 4','./resources/audio/La_fioraia_fiorentina_4.wav',8,0.0);
INSERT INTO subpieces VALUES(101,'La fioraia fiorentina - 5','./resources/midi/subpieces/La_fioraia_fiorentina_5.mid',8,0.0);
INSERT INTO subpieces VALUES(102,'La fioraia fiorentina - 1','./resources/midi/subpieces/La_fioraia_fiorentina_1_short.mid',9,0.0);
INSERT INTO subpieces VALUES(103,'La fioraia fiorentina - 2','./resources/audio/La_fioraia_fiorentina_2.wav',9,0.0);
INSERT INTO subpieces VALUES(104,'La fioraia fiorentina - 3','./resources/midi/subpieces/La_fioraia_fiorentina_3.mid',9,0.0);
INSERT INTO subpieces VALUES(105,'La fioraia fiorentina - 4','./resources/audio/La_fioraia_fiorentina_4.wav',9,0.0);
INSERT INTO subpieces VALUES(106,'La fioraia fiorentina - 5','./resources/midi/subpieces/La_fioraia_fiorentina_5.mid',9,0.0);
INSERT INTO subpieces VALUES(107,'La fioraia fiorentina - 1','./resources/midi/subpieces/La_fioraia_fiorentina_1_short.mid',10,0.0);
INSERT INTO subpieces VALUES(108,'La fioraia fiorentina - 2','./resources/audio/La_fioraia_fiorentina_2_short.wav',10,0.0);
INSERT INTO subpieces VALUES(109,'La fioraia fiorentina - 3','./resources/midi/subpieces/La_fioraia_fiorentina_3.mid',10,0.0);
INSERT INTO subpieces VALUES(110,'La fioraia fiorentina - 4','./resources/audio/La_fioraia_fiorentina_4.wav',10,0.0);
INSERT INTO subpieces VALUES(111,'La fioraia fiorentina - 5','./resources/midi/subpieces/La_fioraia_fiorentina_5.mid',10,0.0);
CREATE TABLE schedules (
	id INTEGER NOT NULL, 
	start_measure INTEGER, 
	end_measure INTEGER, 
	player VARCHAR, 
	piece_id INTEGER, 
	subpiece_id INTEGER, 
	PRIMARY KEY (id), 
	FOREIGN KEY(piece_id) REFERENCES pieces (id), 
	FOREIGN KEY(subpiece_id) REFERENCES subpieces (id)
);
INSERT INTO schedules VALUES(1,1,8,'Pianist',2,1);
INSERT INTO schedules VALUES(2,9,29,'VirtuosoNet',2,2);
INSERT INTO schedules VALUES(3,30,35,'Pianist',2,3);
INSERT INTO schedules VALUES(4,36,53,'VirtuosoNet',2,4);
INSERT INTO schedules VALUES(5,54,74,'Pianist',2,5);
INSERT INTO schedules VALUES(6,75,80,'VirtuosoNet',2,6);
INSERT INTO schedules VALUES(7,81,90,'Pianist',2,7);
INSERT INTO schedules VALUES(8,91,95,'VirtuosoNet',2,8);
INSERT INTO schedules VALUES(9,96,123,'Pianist',2,9);
INSERT INTO schedules VALUES(10,124,139,'VirtuosoNet',2,10);
INSERT INTO schedules VALUES(11,140,145,'Pianist',2,11);
INSERT INTO schedules VALUES(12,146,153,'VirtuosoNet',2,12);
INSERT INTO schedules VALUES(13,154,177,'Pianist',2,13);
INSERT INTO schedules VALUES(14,178,190,'VirtuosoNet',2,14);
INSERT INTO schedules VALUES(15,190,221,'Pianist',2,15);
INSERT INTO schedules VALUES(16,222,227,'VirtuosoNet',2,16);
INSERT INTO schedules VALUES(17,228,235,'Pianist',2,17);
INSERT INTO schedules VALUES(18,236,240,'VirtuosoNet',2,18);
INSERT INTO schedules VALUES(19,241,254,'Pianist',2,19);
INSERT INTO schedules VALUES(20,1,4,'Pianist',3,20);
INSERT INTO schedules VALUES(21,5,8,'VirtuosoNet',3,21);
INSERT INTO schedules VALUES(22,8,18,'Pianist',3,22);
INSERT INTO schedules VALUES(23,18,24,'VirtuosoNet',3,23);
INSERT INTO schedules VALUES(24,25,28,'Pianist',3,24);
INSERT INTO schedules VALUES(25,28,32,'VirtuosoNet',3,25);
INSERT INTO schedules VALUES(26,33,40,'Pianist',3,26);
INSERT INTO schedules VALUES(27,41,44,'VirtuosoNet',3,27);
INSERT INTO schedules VALUES(28,45,51,'Pianist',3,28);
INSERT INTO schedules VALUES(29,52,55,'VirtuosoNet',3,29);
INSERT INTO schedules VALUES(30,56,65,'Pianist',3,30);
INSERT INTO schedules VALUES(31,65,66,'VirtuosoNet',3,31);
INSERT INTO schedules VALUES(32,66,66,'Pianist',3,32);
INSERT INTO schedules VALUES(33,66,67,'VirtuosoNet',3,33);
INSERT INTO schedules VALUES(34,67,69,'Pianist',3,34);
INSERT INTO schedules VALUES(35,1,8,'VirtuosoNet',4,35);
INSERT INTO schedules VALUES(36,8,16,'Pianist',4,36);
INSERT INTO schedules VALUES(37,16,26,'VirtuosoNet',4,37);
INSERT INTO schedules VALUES(38,26,36,'Pianist',4,38);
INSERT INTO schedules VALUES(39,36,44,'VirtuosoNet',4,29);
INSERT INTO schedules VALUES(40,44,52,'Pianist',4,40);
INSERT INTO schedules VALUES(41,52,66,'VirtuosoNet',4,41);
INSERT INTO schedules VALUES(42,66,88,'Pianist',4,42);
INSERT INTO schedules VALUES(43,88,98,'VirtuosoNet',4,43);
INSERT INTO schedules VALUES(44,98,116,'Pianist',4,44);
INSERT INTO schedules VALUES(45,116,124,'VirtuosoNet',4,45);
INSERT INTO schedules VALUES(46,124,132,'Pianist',4,46);
INSERT INTO schedules VALUES(47,132,148,'VirtuosoNet',4,47);
INSERT INTO schedules VALUES(48,148,164,'Pianist',4,48);
INSERT INTO schedules VALUES(49,164,172,'VirtuosoNet',4,49);
INSERT INTO schedules VALUES(50,172,180,'Pianist',4,50);
INSERT INTO schedules VALUES(51,180,190,'VirtuosoNet',4,51);
INSERT INTO schedules VALUES(52,190,198,'Pianist',4,52);
INSERT INTO schedules VALUES(53,199,200,'VirtuosoNet',4,53);
INSERT INTO schedules VALUES(54,0,4,'Pianist',5,54);
INSERT INTO schedules VALUES(55,5,16,'VirtuosoNet',5,55);
INSERT INTO schedules VALUES(56,NULL,NULL,'Pianist',6,56);
INSERT INTO schedules VALUES(57,NULL,NULL,'Audio',6,57);
INSERT INTO schedules VALUES(58,NULL,NULL,'Pianist',6,58);
INSERT INTO schedules VALUES(59,NULL,NULL,'Audio',6,59);
INSERT INTO schedules VALUES(60,NULL,NULL,'Pianist',6,60);
INSERT INTO schedules VALUES(61,NULL,NULL,'Audio',6,61);
INSERT INTO schedules VALUES(62,NULL,NULL,'Pianist',6,62);
INSERT INTO schedules VALUES(63,NULL,NULL,'Audio',6,63);
INSERT INTO schedules VALUES(64,NULL,NULL,'VirtuosoNet',7,64);
INSERT INTO schedules VALUES(65,NULL,NULL,'Human',7,65);
INSERT INTO schedules VALUES(66,NULL,NULL,'VirtuosoNet',7,66);
INSERT INTO schedules VALUES(67,NULL,NULL,'Human',7,67);
INSERT INTO schedules VALUES(68,NULL,NULL,'VirtuosoNet',7,68);
INSERT INTO schedules VALUES(69,NULL,NULL,'Human',7,69);
INSERT INTO schedules VALUES(70,NULL,NULL,'VirtuosoNet',7,70);
INSERT INTO schedules VALUES(71,NULL,NULL,'Human',7,71);
INSERT INTO schedules VALUES(72,NULL,NULL,'VirtuosoNet',7,72);
INSERT INTO schedules VALUES(73,NULL,NULL,'Human',7,73);
INSERT INTO schedules VALUES(74,NULL,NULL,'VirtuosoNet',7,74);
INSERT INTO schedules VALUES(75,NULL,NULL,'Human',7,75);
INSERT INTO schedules VALUES(76,NULL,NULL,'VirtuosoNet',7,76);
INSERT INTO schedules VALUES(77,NULL,NULL,'Human',7,77);
INSERT INTO schedules VALUES(78,NULL,NULL,'VirtuosoNet',7,78);
INSERT INTO schedules VALUES(79,NULL,NULL,'Human',7,79);
INSERT INTO schedules VALUES(80,NULL,NULL,'VirtuosoNet',7,80);
INSERT INTO schedules VALUES(81,NULL,NULL,'Human',7,81);
INSERT INTO schedules VALUES(82,NULL,NULL,'VirtuosoNet',7,82);
INSERT INTO schedules VALUES(83,NULL,NULL,'Human',7,83);
INSERT INTO schedules VALUES(84,NULL,NULL,'VirtuosoNet',7,84);
INSERT INTO schedules VALUES(85,NULL,NULL,'Human',7,85);
INSERT INTO schedules VALUES(86,NULL,NULL,'VirtuosoNet',7,86);
INSERT INTO schedules VALUES(87,NULL,NULL,'Human',7,87);
INSERT INTO schedules VALUES(88,NULL,NULL,'VirtuosoNet',7,88);
INSERT INTO schedules VALUES(89,NULL,NULL,'Human',7,89);
INSERT INTO schedules VALUES(90,NULL,NULL,'VirtuosoNet',7,90);
INSERT INTO schedules VALUES(91,NULL,NULL,'Human',7,91);
INSERT INTO schedules VALUES(92,NULL,NULL,'VirtuosoNet',7,92);
INSERT INTO schedules VALUES(93,NULL,NULL,'Human',7,93);
INSERT INTO schedules VALUES(94,NULL,NULL,'VirtuosoNet',7,94);
INSERT INTO schedules VALUES(95,NULL,NULL,'VirtuosoNet',8,97);
INSERT INTO schedules VALUES(96,NULL,NULL,'Human',8,98);
INSERT INTO schedules VALUES(97,NULL,NULL,'VirtuosoNet',8,99);
INSERT INTO schedules VALUES(98,NULL,NULL,'Human',8,100);
INSERT INTO schedules VALUES(99,NULL,NULL,'VirtuosoNet',8,101);
INSERT INTO schedules VALUES(100,NULL,NULL,'VirtuosoNet',9,102);
INSERT INTO schedules VALUES(101,NULL,NULL,'Human',9,103);
INSERT INTO schedules VALUES(102,NULL,NULL,'VirtuosoNet',9,104);
INSERT INTO schedules VALUES(103,NULL,NULL,'Human',9,105);
INSERT INTO schedules VALUES(104,NULL,NULL,'VirtuosoNet',9,106);
INSERT INTO schedules VALUES(105,NULL,NULL,'VirtuosoNet',10,107);
INSERT INTO schedules VALUES(106,NULL,NULL,'Human',10,108);
INSERT INTO schedules VALUES(107,NULL,NULL,'VirtuosoNet',10,109);
INSERT INTO schedules VALUES(108,NULL,NULL,'Human',10,110);
INSERT INTO schedules VALUES(109,NULL,NULL,'VirtuosoNet',10,111);
CREATE INDEX ix_pieces_id ON pieces (id);
CREATE INDEX ix_pieces_title ON pieces (title);
CREATE INDEX ix_subpieces_id ON subpieces (id);
CREATE INDEX ix_schedules_end_measure ON schedules (end_measure);
CREATE INDEX ix_schedules_id ON schedules (id);
CREATE INDEX ix_schedules_start_measure ON schedules (start_measure);
COMMIT;
